"series_id","time","value","c_t","time_series_length","amount_of_time_series","dgp","te_intervention"
"101_51_60_nl_he",1,0.7403839736,"treated",60,101,"nl","he"
"101_52_60_nl_he",1,6.5412604731,"treated",60,101,"nl","he"
"101_53_60_nl_he",1,3.488880016,"treated",60,101,"nl","he"
"101_54_60_nl_he",1,7.2011994563,"treated",60,101,"nl","he"
"101_55_60_nl_he",1,1.3382300353,"treated",60,101,"nl","he"
"101_56_60_nl_he",1,5.4160603464,"treated",60,101,"nl","he"
"101_57_60_nl_he",1,4.6240661763,"treated",60,101,"nl","he"
"101_58_60_nl_he",1,9.2810518146,"treated",60,101,"nl","he"
"101_59_60_nl_he",1,7.9601192184,"treated",60,101,"nl","he"
"101_60_60_nl_he",1,14.0334990325,"treated",60,101,"nl","he"
"101_61_60_nl_he",1,5.3737572963,"treated",60,101,"nl","he"
"101_62_60_nl_he",1,5.6899223127,"treated",60,101,"nl","he"
"101_63_60_nl_he",1,1.3001340178,"treated",60,101,"nl","he"
"101_64_60_nl_he",1,9.8933821814,"treated",60,101,"nl","he"
"101_65_60_nl_he",1,10.1609901224,"treated",60,101,"nl","he"
"101_66_60_nl_he",1,8.8613058633,"treated",60,101,"nl","he"
"101_67_60_nl_he",1,2.6385890685,"treated",60,101,"nl","he"
"101_68_60_nl_he",1,8.1955234302,"treated",60,101,"nl","he"
"101_69_60_nl_he",1,9.6133296041,"treated",60,101,"nl","he"
"101_70_60_nl_he",1,8.4702596548,"treated",60,101,"nl","he"
"101_71_60_nl_he",1,6.0918053567,"treated",60,101,"nl","he"
"101_72_60_nl_he",1,8.7734996941,"treated",60,101,"nl","he"
"101_73_60_nl_he",1,6.3527153987,"treated",60,101,"nl","he"
"101_74_60_nl_he",1,6.4836742441,"treated",60,101,"nl","he"
"101_75_60_nl_he",1,5.9032940129,"treated",60,101,"nl","he"
"101_76_60_nl_he",1,2.7298930539,"treated",60,101,"nl","he"
"101_77_60_nl_he",1,7.1143265911,"treated",60,101,"nl","he"
"101_78_60_nl_he",1,3.6537303624,"treated",60,101,"nl","he"
"101_79_60_nl_he",1,11.6948384449,"treated",60,101,"nl","he"
"101_80_60_nl_he",1,3.5686768563,"treated",60,101,"nl","he"
"101_81_60_nl_he",1,11.0250890649,"treated",60,101,"nl","he"
"101_82_60_nl_he",1,7.5128371565,"treated",60,101,"nl","he"
"101_83_60_nl_he",1,7.1025283186,"treated",60,101,"nl","he"
"101_84_60_nl_he",1,8.7496379497,"treated",60,101,"nl","he"
"101_85_60_nl_he",1,6.0301485201,"treated",60,101,"nl","he"
"101_86_60_nl_he",1,7.1202803379,"treated",60,101,"nl","he"
"101_87_60_nl_he",1,7.9074172135,"treated",60,101,"nl","he"
"101_88_60_nl_he",1,2.7882212976,"treated",60,101,"nl","he"
"101_89_60_nl_he",1,3.9987430815,"treated",60,101,"nl","he"
"101_90_60_nl_he",1,9.4037964267,"treated",60,101,"nl","he"
"101_91_60_nl_he",1,5.6816032974,"treated",60,101,"nl","he"
"101_92_60_nl_he",1,4.9543443177,"treated",60,101,"nl","he"
"101_93_60_nl_he",1,4.956491703,"treated",60,101,"nl","he"
"101_94_60_nl_he",1,4.9718257847,"treated",60,101,"nl","he"
"101_95_60_nl_he",1,7.7339145073,"treated",60,101,"nl","he"
"101_96_60_nl_he",1,12.2400173304,"treated",60,101,"nl","he"
"101_97_60_nl_he",1,11.1532706499,"treated",60,101,"nl","he"
"101_98_60_nl_he",1,9.7681395004,"treated",60,101,"nl","he"
"101_99_60_nl_he",1,1.582079915,"treated",60,101,"nl","he"
"101_100_60_nl_he",1,6.1995875247,"treated",60,101,"nl","he"
"101_101_60_nl_he",1,12.5987318042,"treated",60,101,"nl","he"
"101_51_60_nl_he",2,1.3997940208,"treated",60,101,"nl","he"
"101_52_60_nl_he",2,6.4254620235,"treated",60,101,"nl","he"
"101_53_60_nl_he",2,3.3677427507,"treated",60,101,"nl","he"
"101_54_60_nl_he",2,7.321603993,"treated",60,101,"nl","he"
"101_55_60_nl_he",2,3.0945896606,"treated",60,101,"nl","he"
"101_56_60_nl_he",2,5.7687126542,"treated",60,101,"nl","he"
"101_57_60_nl_he",2,3.6681109773,"treated",60,101,"nl","he"
"101_58_60_nl_he",2,8.48141997,"treated",60,101,"nl","he"
"101_59_60_nl_he",2,8.1750286096,"treated",60,101,"nl","he"
"101_60_60_nl_he",2,14.1587904467,"treated",60,101,"nl","he"
"101_61_60_nl_he",2,5.204418734,"treated",60,101,"nl","he"
"101_62_60_nl_he",2,6.5621480906,"treated",60,101,"nl","he"
"101_63_60_nl_he",2,2.249044733,"treated",60,101,"nl","he"
"101_64_60_nl_he",2,8.7152175601,"treated",60,101,"nl","he"
"101_65_60_nl_he",2,7.7823138823,"treated",60,101,"nl","he"
"101_66_60_nl_he",2,9.7716162894,"treated",60,101,"nl","he"
"101_67_60_nl_he",2,3.2684840274,"treated",60,101,"nl","he"
"101_68_60_nl_he",2,8.6972570746,"treated",60,101,"nl","he"
"101_69_60_nl_he",2,7.5546486322,"treated",60,101,"nl","he"
"101_70_60_nl_he",2,8.3868026034,"treated",60,101,"nl","he"
"101_71_60_nl_he",2,6.4646619055,"treated",60,101,"nl","he"
"101_72_60_nl_he",2,7.7603985629,"treated",60,101,"nl","he"
"101_73_60_nl_he",2,5.0095316222,"treated",60,101,"nl","he"
"101_74_60_nl_he",2,7.3944642089,"treated",60,101,"nl","he"
"101_75_60_nl_he",2,6.6716324426,"treated",60,101,"nl","he"
"101_76_60_nl_he",2,2.9108651432,"treated",60,101,"nl","he"
"101_77_60_nl_he",2,9.2784952495,"treated",60,101,"nl","he"
"101_78_60_nl_he",2,5.5248951088,"treated",60,101,"nl","he"
"101_79_60_nl_he",2,10.9397610743,"treated",60,101,"nl","he"
"101_80_60_nl_he",2,2.121033724,"treated",60,101,"nl","he"
"101_81_60_nl_he",2,9.5826208137,"treated",60,101,"nl","he"
"101_82_60_nl_he",2,7.2161269948,"treated",60,101,"nl","he"
"101_83_60_nl_he",2,8.3985109828,"treated",60,101,"nl","he"
"101_84_60_nl_he",2,8.829129241,"treated",60,101,"nl","he"
"101_85_60_nl_he",2,9.4289483081,"treated",60,101,"nl","he"
"101_86_60_nl_he",2,8.1119706894,"treated",60,101,"nl","he"
"101_87_60_nl_he",2,4.9707791681,"treated",60,101,"nl","he"
"101_88_60_nl_he",2,2.4086903086,"treated",60,101,"nl","he"
"101_89_60_nl_he",2,3.7322787087,"treated",60,101,"nl","he"
"101_90_60_nl_he",2,10.4660129781,"treated",60,101,"nl","he"
"101_91_60_nl_he",2,7.4221462656,"treated",60,101,"nl","he"
"101_92_60_nl_he",2,5.791602241,"treated",60,101,"nl","he"
"101_93_60_nl_he",2,5.3353138746,"treated",60,101,"nl","he"
"101_94_60_nl_he",2,4.8231180086,"treated",60,101,"nl","he"
"101_95_60_nl_he",2,8.8110891803,"treated",60,101,"nl","he"
"101_96_60_nl_he",2,11.4022315519,"treated",60,101,"nl","he"
"101_97_60_nl_he",2,10.9829242613,"treated",60,101,"nl","he"
"101_98_60_nl_he",2,8.5753554346,"treated",60,101,"nl","he"
"101_99_60_nl_he",2,1.9736793227,"treated",60,101,"nl","he"
"101_100_60_nl_he",2,7.512050932,"treated",60,101,"nl","he"
"101_101_60_nl_he",2,11.1117302917,"treated",60,101,"nl","he"
"101_51_60_nl_he",3,4.4261882974,"treated",60,101,"nl","he"
"101_52_60_nl_he",3,6.3955220068,"treated",60,101,"nl","he"
"101_53_60_nl_he",3,2.5981091658,"treated",60,101,"nl","he"
"101_54_60_nl_he",3,7.7542130057,"treated",60,101,"nl","he"
"101_55_60_nl_he",3,4.7243842754,"treated",60,101,"nl","he"
"101_56_60_nl_he",3,7.264891458,"treated",60,101,"nl","he"
"101_57_60_nl_he",3,2.2974317047,"treated",60,101,"nl","he"
"101_58_60_nl_he",3,7.6686973888,"treated",60,101,"nl","he"
"101_59_60_nl_he",3,7.7560930465,"treated",60,101,"nl","he"
"101_60_60_nl_he",3,14.1713328735,"treated",60,101,"nl","he"
"101_61_60_nl_he",3,3.8553188449,"treated",60,101,"nl","he"
"101_62_60_nl_he",3,7.3974905595,"treated",60,101,"nl","he"
"101_63_60_nl_he",3,3.1482186662,"treated",60,101,"nl","he"
"101_64_60_nl_he",3,8.756059517,"treated",60,101,"nl","he"
"101_65_60_nl_he",3,6.5775347655,"treated",60,101,"nl","he"
"101_66_60_nl_he",3,8.3450141533,"treated",60,101,"nl","he"
"101_67_60_nl_he",3,4.158167636,"treated",60,101,"nl","he"
"101_68_60_nl_he",3,9.3752481831,"treated",60,101,"nl","he"
"101_69_60_nl_he",3,5.5811732786,"treated",60,101,"nl","he"
"101_70_60_nl_he",3,6.1884289679,"treated",60,101,"nl","he"
"101_71_60_nl_he",3,7.3093973211,"treated",60,101,"nl","he"
"101_72_60_nl_he",3,8.5980571647,"treated",60,101,"nl","he"
"101_73_60_nl_he",3,4.5015963286,"treated",60,101,"nl","he"
"101_74_60_nl_he",3,8.5174716174,"treated",60,101,"nl","he"
"101_75_60_nl_he",3,7.1820492519,"treated",60,101,"nl","he"
"101_76_60_nl_he",3,5.428975581,"treated",60,101,"nl","he"
"101_77_60_nl_he",3,9.8200886644,"treated",60,101,"nl","he"
"101_78_60_nl_he",3,4.5275806743,"treated",60,101,"nl","he"
"101_79_60_nl_he",3,10.808585242,"treated",60,101,"nl","he"
"101_80_60_nl_he",3,2.2089276908,"treated",60,101,"nl","he"
"101_81_60_nl_he",3,7.5300443426,"treated",60,101,"nl","he"
"101_82_60_nl_he",3,8.7125664098,"treated",60,101,"nl","he"
"101_83_60_nl_he",3,8.4788397438,"treated",60,101,"nl","he"
"101_84_60_nl_he",3,6.9892790303,"treated",60,101,"nl","he"
"101_85_60_nl_he",3,10.6289623162,"treated",60,101,"nl","he"
"101_86_60_nl_he",3,8.7166750087,"treated",60,101,"nl","he"
"101_87_60_nl_he",3,3.5634057803,"treated",60,101,"nl","he"
"101_88_60_nl_he",3,2.8880153892,"treated",60,101,"nl","he"
"101_89_60_nl_he",3,4.7214984193,"treated",60,101,"nl","he"
"101_90_60_nl_he",3,10.2834886724,"treated",60,101,"nl","he"
"101_91_60_nl_he",3,8.686919973,"treated",60,101,"nl","he"
"101_92_60_nl_he",3,5.3672371877,"treated",60,101,"nl","he"
"101_93_60_nl_he",3,5.6144219017,"treated",60,101,"nl","he"
"101_94_60_nl_he",3,5.5134515691,"treated",60,101,"nl","he"
"101_95_60_nl_he",3,9.3407667255,"treated",60,101,"nl","he"
"101_96_60_nl_he",3,11.2845225307,"treated",60,101,"nl","he"
"101_97_60_nl_he",3,11.2708362799,"treated",60,101,"nl","he"
"101_98_60_nl_he",3,7.6644955026,"treated",60,101,"nl","he"
"101_99_60_nl_he",3,1.0283297377,"treated",60,101,"nl","he"
"101_100_60_nl_he",3,6.2608955978,"treated",60,101,"nl","he"
"101_101_60_nl_he",3,9.5591605804,"treated",60,101,"nl","he"
"101_51_60_nl_he",4,5.1999136088,"treated",60,101,"nl","he"
"101_52_60_nl_he",4,6.5186775885,"treated",60,101,"nl","he"
"101_53_60_nl_he",4,2.587520237,"treated",60,101,"nl","he"
"101_54_60_nl_he",4,8.280025365,"treated",60,101,"nl","he"
"101_55_60_nl_he",4,4.4980311878,"treated",60,101,"nl","he"
"101_56_60_nl_he",4,8.4716605657,"treated",60,101,"nl","he"
"101_57_60_nl_he",4,2.2687239984,"treated",60,101,"nl","he"
"101_58_60_nl_he",4,7.7106484862,"treated",60,101,"nl","he"
"101_59_60_nl_he",4,6.1673727446,"treated",60,101,"nl","he"
"101_60_60_nl_he",4,13.0849727032,"treated",60,101,"nl","he"
"101_61_60_nl_he",4,3.0281513821,"treated",60,101,"nl","he"
"101_62_60_nl_he",4,7.0620335853,"treated",60,101,"nl","he"
"101_63_60_nl_he",4,4.1101683711,"treated",60,101,"nl","he"
"101_64_60_nl_he",4,8.9640806363,"treated",60,101,"nl","he"
"101_65_60_nl_he",4,4.907614709,"treated",60,101,"nl","he"
"101_66_60_nl_he",4,6.9004052893,"treated",60,101,"nl","he"
"101_67_60_nl_he",4,5.704074987,"treated",60,101,"nl","he"
"101_68_60_nl_he",4,9.1107454772,"treated",60,101,"nl","he"
"101_69_60_nl_he",4,4.6740100457,"treated",60,101,"nl","he"
"101_70_60_nl_he",4,6.6138344954,"treated",60,101,"nl","he"
"101_71_60_nl_he",4,8.8148823316,"treated",60,101,"nl","he"
"101_72_60_nl_he",4,8.6317466218,"treated",60,101,"nl","he"
"101_73_60_nl_he",4,3.7895561762,"treated",60,101,"nl","he"
"101_74_60_nl_he",4,10.1838740515,"treated",60,101,"nl","he"
"101_75_60_nl_he",4,7.1445672496,"treated",60,101,"nl","he"
"101_76_60_nl_he",4,9.1416341233,"treated",60,101,"nl","he"
"101_77_60_nl_he",4,9.2992590318,"treated",60,101,"nl","he"
"101_78_60_nl_he",4,3.365461746,"treated",60,101,"nl","he"
"101_79_60_nl_he",4,12.118803665,"treated",60,101,"nl","he"
"101_80_60_nl_he",4,2.0115421496,"treated",60,101,"nl","he"
"101_81_60_nl_he",4,7.2674218308,"treated",60,101,"nl","he"
"101_82_60_nl_he",4,8.5689807193,"treated",60,101,"nl","he"
"101_83_60_nl_he",4,8.0291177428,"treated",60,101,"nl","he"
"101_84_60_nl_he",4,6.5700660014,"treated",60,101,"nl","he"
"101_85_60_nl_he",4,10.4958089849,"treated",60,101,"nl","he"
"101_86_60_nl_he",4,9.4789740129,"treated",60,101,"nl","he"
"101_87_60_nl_he",4,3.4059138365,"treated",60,101,"nl","he"
"101_88_60_nl_he",4,4.5758998151,"treated",60,101,"nl","he"
"101_89_60_nl_he",4,5.390503846,"treated",60,101,"nl","he"
"101_90_60_nl_he",4,10.5071786344,"treated",60,101,"nl","he"
"101_91_60_nl_he",4,9.4655890658,"treated",60,101,"nl","he"
"101_92_60_nl_he",4,3.9411053054,"treated",60,101,"nl","he"
"101_93_60_nl_he",4,6.1838793529,"treated",60,101,"nl","he"
"101_94_60_nl_he",4,6.478886631,"treated",60,101,"nl","he"
"101_95_60_nl_he",4,7.9279054259,"treated",60,101,"nl","he"
"101_96_60_nl_he",4,11.5576585608,"treated",60,101,"nl","he"
"101_97_60_nl_he",4,11.1298980185,"treated",60,101,"nl","he"
"101_98_60_nl_he",4,8.1778424585,"treated",60,101,"nl","he"
"101_99_60_nl_he",4,0.9456015591,"treated",60,101,"nl","he"
"101_100_60_nl_he",4,4.7902664521,"treated",60,101,"nl","he"
"101_101_60_nl_he",4,7.2673481126,"treated",60,101,"nl","he"
"101_51_60_nl_he",5,5.6322247511,"treated",60,101,"nl","he"
"101_52_60_nl_he",5,7.0486740636,"treated",60,101,"nl","he"
"101_53_60_nl_he",5,3.1774730148,"treated",60,101,"nl","he"
"101_54_60_nl_he",5,8.858774533,"treated",60,101,"nl","he"
"101_55_60_nl_he",5,4.143405159,"treated",60,101,"nl","he"
"101_56_60_nl_he",5,8.7682806756,"treated",60,101,"nl","he"
"101_57_60_nl_he",5,2.7793822984,"treated",60,101,"nl","he"
"101_58_60_nl_he",5,7.9751484115,"treated",60,101,"nl","he"
"101_59_60_nl_he",5,5.1444215096,"treated",60,101,"nl","he"
"101_60_60_nl_he",5,12.522178999,"treated",60,101,"nl","he"
"101_61_60_nl_he",5,2.8166832728,"treated",60,101,"nl","he"
"101_62_60_nl_he",5,8.1262087609,"treated",60,101,"nl","he"
"101_63_60_nl_he",5,5.4631774368,"treated",60,101,"nl","he"
"101_64_60_nl_he",5,9.6607380987,"treated",60,101,"nl","he"
"101_65_60_nl_he",5,3.994754173,"treated",60,101,"nl","he"
"101_66_60_nl_he",5,6.6557465871,"treated",60,101,"nl","he"
"101_67_60_nl_he",5,6.7424552899,"treated",60,101,"nl","he"
"101_68_60_nl_he",5,9.3818932957,"treated",60,101,"nl","he"
"101_69_60_nl_he",5,3.3406205854,"treated",60,101,"nl","he"
"101_70_60_nl_he",5,5.680946522,"treated",60,101,"nl","he"
"101_71_60_nl_he",5,9.6167372746,"treated",60,101,"nl","he"
"101_72_60_nl_he",5,8.3404304977,"treated",60,101,"nl","he"
"101_73_60_nl_he",5,5.7123759557,"treated",60,101,"nl","he"
"101_74_60_nl_he",5,10.9065259789,"treated",60,101,"nl","he"
"101_75_60_nl_he",5,5.886045552,"treated",60,101,"nl","he"
"101_76_60_nl_he",5,9.4561518679,"treated",60,101,"nl","he"
"101_77_60_nl_he",5,9.0440230254,"treated",60,101,"nl","he"
"101_78_60_nl_he",5,2.4555745269,"treated",60,101,"nl","he"
"101_79_60_nl_he",5,11.938833594,"treated",60,101,"nl","he"
"101_80_60_nl_he",5,2.4103468845,"treated",60,101,"nl","he"
"101_81_60_nl_he",5,6.2540223188,"treated",60,101,"nl","he"
"101_82_60_nl_he",5,9.0053725749,"treated",60,101,"nl","he"
"101_83_60_nl_he",5,7.3565953275,"treated",60,101,"nl","he"
"101_84_60_nl_he",5,5.2031494532,"treated",60,101,"nl","he"
"101_85_60_nl_he",5,10.1327574469,"treated",60,101,"nl","he"
"101_86_60_nl_he",5,8.8673368328,"treated",60,101,"nl","he"
"101_87_60_nl_he",5,4.6203673837,"treated",60,101,"nl","he"
"101_88_60_nl_he",5,7.144572473,"treated",60,101,"nl","he"
"101_89_60_nl_he",5,5.8968459148,"treated",60,101,"nl","he"
"101_90_60_nl_he",5,12.4997013534,"treated",60,101,"nl","he"
"101_91_60_nl_he",5,10.4997693209,"treated",60,101,"nl","he"
"101_92_60_nl_he",5,3.5096816202,"treated",60,101,"nl","he"
"101_93_60_nl_he",5,6.6867732892,"treated",60,101,"nl","he"
"101_94_60_nl_he",5,7.1304548221,"treated",60,101,"nl","he"
"101_95_60_nl_he",5,5.4712354034,"treated",60,101,"nl","he"
"101_96_60_nl_he",5,11.4490482383,"treated",60,101,"nl","he"
"101_97_60_nl_he",5,11.437700501,"treated",60,101,"nl","he"
"101_98_60_nl_he",5,9.7070166173,"treated",60,101,"nl","he"
"101_99_60_nl_he",5,1.360959501,"treated",60,101,"nl","he"
"101_100_60_nl_he",5,5.9723282229,"treated",60,101,"nl","he"
"101_101_60_nl_he",5,7.024905545,"treated",60,101,"nl","he"
"101_51_60_nl_he",6,6.9970718251,"treated",60,101,"nl","he"
"101_52_60_nl_he",6,6.3729553235,"treated",60,101,"nl","he"
"101_53_60_nl_he",6,4.7803066691,"treated",60,101,"nl","he"
"101_54_60_nl_he",6,8.8121715568,"treated",60,101,"nl","he"
"101_55_60_nl_he",6,4.2455264322,"treated",60,101,"nl","he"
"101_56_60_nl_he",6,9.8578335669,"treated",60,101,"nl","he"
"101_57_60_nl_he",6,1.9929088782,"treated",60,101,"nl","he"
"101_58_60_nl_he",6,8.7693206603,"treated",60,101,"nl","he"
"101_59_60_nl_he",6,5.3134904844,"treated",60,101,"nl","he"
"101_60_60_nl_he",6,9.6811885624,"treated",60,101,"nl","he"
"101_61_60_nl_he",6,2.2974288988,"treated",60,101,"nl","he"
"101_62_60_nl_he",6,11.0163146025,"treated",60,101,"nl","he"
"101_63_60_nl_he",6,6.7348006776,"treated",60,101,"nl","he"
"101_64_60_nl_he",6,8.4020203355,"treated",60,101,"nl","he"
"101_65_60_nl_he",6,2.9977870934,"treated",60,101,"nl","he"
"101_66_60_nl_he",6,6.357133329,"treated",60,101,"nl","he"
"101_67_60_nl_he",6,6.0861686994,"treated",60,101,"nl","he"
"101_68_60_nl_he",6,9.0065256453,"treated",60,101,"nl","he"
"101_69_60_nl_he",6,1.9638857526,"treated",60,101,"nl","he"
"101_70_60_nl_he",6,4.2044611236,"treated",60,101,"nl","he"
"101_71_60_nl_he",6,11.6883818757,"treated",60,101,"nl","he"
"101_72_60_nl_he",6,7.5712187672,"treated",60,101,"nl","he"
"101_73_60_nl_he",6,5.1889570229,"treated",60,101,"nl","he"
"101_74_60_nl_he",6,12.4655733919,"treated",60,101,"nl","he"
"101_75_60_nl_he",6,4.9030167453,"treated",60,101,"nl","he"
"101_76_60_nl_he",6,9.9746742082,"treated",60,101,"nl","he"
"101_77_60_nl_he",6,8.6155616341,"treated",60,101,"nl","he"
"101_78_60_nl_he",6,2.6172729961,"treated",60,101,"nl","he"
"101_79_60_nl_he",6,9.4176651574,"treated",60,101,"nl","he"
"101_80_60_nl_he",6,3.7222283632,"treated",60,101,"nl","he"
"101_81_60_nl_he",6,5.3712059033,"treated",60,101,"nl","he"
"101_82_60_nl_he",6,8.5043240053,"treated",60,101,"nl","he"
"101_83_60_nl_he",6,6.1521203484,"treated",60,101,"nl","he"
"101_84_60_nl_he",6,6.1082642176,"treated",60,101,"nl","he"
"101_85_60_nl_he",6,9.1011735416,"treated",60,101,"nl","he"
"101_86_60_nl_he",6,9.4969375707,"treated",60,101,"nl","he"
"101_87_60_nl_he",6,6.2782892989,"treated",60,101,"nl","he"
"101_88_60_nl_he",6,7.8327795728,"treated",60,101,"nl","he"
"101_89_60_nl_he",6,5.9826053244,"treated",60,101,"nl","he"
"101_90_60_nl_he",6,12.6342893949,"treated",60,101,"nl","he"
"101_91_60_nl_he",6,10.8246486347,"treated",60,101,"nl","he"
"101_92_60_nl_he",6,4.4971158996,"treated",60,101,"nl","he"
"101_93_60_nl_he",6,6.8743958874,"treated",60,101,"nl","he"
"101_94_60_nl_he",6,9.2149138811,"treated",60,101,"nl","he"
"101_95_60_nl_he",6,3.7623966318,"treated",60,101,"nl","he"
"101_96_60_nl_he",6,10.5393781434,"treated",60,101,"nl","he"
"101_97_60_nl_he",6,11.3306147365,"treated",60,101,"nl","he"
"101_98_60_nl_he",6,11.3537760501,"treated",60,101,"nl","he"
"101_99_60_nl_he",6,3.2459938703,"treated",60,101,"nl","he"
"101_100_60_nl_he",6,8.4844212934,"treated",60,101,"nl","he"
"101_101_60_nl_he",6,8.9500880557,"treated",60,101,"nl","he"
"101_51_60_nl_he",7,7.5993113157,"treated",60,101,"nl","he"
"101_52_60_nl_he",7,5.6319849073,"treated",60,101,"nl","he"
"101_53_60_nl_he",7,6.879572995,"treated",60,101,"nl","he"
"101_54_60_nl_he",7,9.1378345119,"treated",60,101,"nl","he"
"101_55_60_nl_he",7,5.6715430564,"treated",60,101,"nl","he"
"101_56_60_nl_he",7,10.3800019466,"treated",60,101,"nl","he"
"101_57_60_nl_he",7,1.3028101865,"treated",60,101,"nl","he"
"101_58_60_nl_he",7,9.6766946064,"treated",60,101,"nl","he"
"101_59_60_nl_he",7,7.3412262173,"treated",60,101,"nl","he"
"101_60_60_nl_he",7,7.2298040952,"treated",60,101,"nl","he"
"101_61_60_nl_he",7,2.3802686826,"treated",60,101,"nl","he"
"101_62_60_nl_he",7,11.8048721996,"treated",60,101,"nl","he"
"101_63_60_nl_he",7,8.6974809112,"treated",60,101,"nl","he"
"101_64_60_nl_he",7,7.6929585375,"treated",60,101,"nl","he"
"101_65_60_nl_he",7,2.8596340275,"treated",60,101,"nl","he"
"101_66_60_nl_he",7,5.8357861785,"treated",60,101,"nl","he"
"101_67_60_nl_he",7,4.1219228161,"treated",60,101,"nl","he"
"101_68_60_nl_he",7,6.8570658719,"treated",60,101,"nl","he"
"101_69_60_nl_he",7,3.3871802788,"treated",60,101,"nl","he"
"101_70_60_nl_he",7,3.2301513035,"treated",60,101,"nl","he"
"101_71_60_nl_he",7,11.7636729842,"treated",60,101,"nl","he"
"101_72_60_nl_he",7,7.4024366407,"treated",60,101,"nl","he"
"101_73_60_nl_he",7,4.4570075973,"treated",60,101,"nl","he"
"101_74_60_nl_he",7,12.4688583629,"treated",60,101,"nl","he"
"101_75_60_nl_he",7,3.4723666222,"treated",60,101,"nl","he"
"101_76_60_nl_he",7,10.6497528121,"treated",60,101,"nl","he"
"101_77_60_nl_he",7,8.5803073197,"treated",60,101,"nl","he"
"101_78_60_nl_he",7,1.5404555389,"treated",60,101,"nl","he"
"101_79_60_nl_he",7,7.4930714575,"treated",60,101,"nl","he"
"101_80_60_nl_he",7,3.6204935863,"treated",60,101,"nl","he"
"101_81_60_nl_he",7,4.5321707485,"treated",60,101,"nl","he"
"101_82_60_nl_he",7,8.5854633921,"treated",60,101,"nl","he"
"101_83_60_nl_he",7,5.4286577541,"treated",60,101,"nl","he"
"101_84_60_nl_he",7,6.9857641776,"treated",60,101,"nl","he"
"101_85_60_nl_he",7,8.9712384425,"treated",60,101,"nl","he"
"101_86_60_nl_he",7,10.9878229804,"treated",60,101,"nl","he"
"101_87_60_nl_he",7,7.0134727109,"treated",60,101,"nl","he"
"101_88_60_nl_he",7,9.319974122,"treated",60,101,"nl","he"
"101_89_60_nl_he",7,5.820411175,"treated",60,101,"nl","he"
"101_90_60_nl_he",7,12.0154725114,"treated",60,101,"nl","he"
"101_91_60_nl_he",7,10.4759324137,"treated",60,101,"nl","he"
"101_92_60_nl_he",7,5.7861571797,"treated",60,101,"nl","he"
"101_93_60_nl_he",7,7.1602106417,"treated",60,101,"nl","he"
"101_94_60_nl_he",7,8.0192677523,"treated",60,101,"nl","he"
"101_95_60_nl_he",7,2.5573627811,"treated",60,101,"nl","he"
"101_96_60_nl_he",7,8.2570345912,"treated",60,101,"nl","he"
"101_97_60_nl_he",7,12.2073306853,"treated",60,101,"nl","he"
"101_98_60_nl_he",7,11.8672160932,"treated",60,101,"nl","he"
"101_99_60_nl_he",7,4.1741167476,"treated",60,101,"nl","he"
"101_100_60_nl_he",7,8.9584761983,"treated",60,101,"nl","he"
"101_101_60_nl_he",7,9.9561378016,"treated",60,101,"nl","he"
"101_51_60_nl_he",8,7.030061775,"treated",60,101,"nl","he"
"101_52_60_nl_he",8,6.817265069,"treated",60,101,"nl","he"
"101_53_60_nl_he",8,8.4982151772,"treated",60,101,"nl","he"
"101_54_60_nl_he",8,9.0655751461,"treated",60,101,"nl","he"
"101_55_60_nl_he",8,6.3372350915,"treated",60,101,"nl","he"
"101_56_60_nl_he",8,11.1170933153,"treated",60,101,"nl","he"
"101_57_60_nl_he",8,2.862559106,"treated",60,101,"nl","he"
"101_58_60_nl_he",8,8.3449309862,"treated",60,101,"nl","he"
"101_59_60_nl_he",8,7.1520873731,"treated",60,101,"nl","he"
"101_60_60_nl_he",8,6.3852102581,"treated",60,101,"nl","he"
"101_61_60_nl_he",8,2.9387496745,"treated",60,101,"nl","he"
"101_62_60_nl_he",8,11.0070678812,"treated",60,101,"nl","he"
"101_63_60_nl_he",8,8.9570850385,"treated",60,101,"nl","he"
"101_64_60_nl_he",8,7.6809994585,"treated",60,101,"nl","he"
"101_65_60_nl_he",8,2.6006444827,"treated",60,101,"nl","he"
"101_66_60_nl_he",8,3.5349644197,"treated",60,101,"nl","he"
"101_67_60_nl_he",8,3.8349037997,"treated",60,101,"nl","he"
"101_68_60_nl_he",8,4.1926524273,"treated",60,101,"nl","he"
"101_69_60_nl_he",8,6.9579156727,"treated",60,101,"nl","he"
"101_70_60_nl_he",8,1.7324146722,"treated",60,101,"nl","he"
"101_71_60_nl_he",8,12.6910276625,"treated",60,101,"nl","he"
"101_72_60_nl_he",8,6.5316626768,"treated",60,101,"nl","he"
"101_73_60_nl_he",8,2.4410685475,"treated",60,101,"nl","he"
"101_74_60_nl_he",8,12.8286528106,"treated",60,101,"nl","he"
"101_75_60_nl_he",8,2.9260556286,"treated",60,101,"nl","he"
"101_76_60_nl_he",8,9.7350528032,"treated",60,101,"nl","he"
"101_77_60_nl_he",8,9.6106889696,"treated",60,101,"nl","he"
"101_78_60_nl_he",8,3.3724533485,"treated",60,101,"nl","he"
"101_79_60_nl_he",8,6.9715254367,"treated",60,101,"nl","he"
"101_80_60_nl_he",8,4.1766407483,"treated",60,101,"nl","he"
"101_81_60_nl_he",8,4.5057246293,"treated",60,101,"nl","he"
"101_82_60_nl_he",8,7.5851193706,"treated",60,101,"nl","he"
"101_83_60_nl_he",8,5.5962330524,"treated",60,101,"nl","he"
"101_84_60_nl_he",8,7.80949635,"treated",60,101,"nl","he"
"101_85_60_nl_he",8,8.3729995267,"treated",60,101,"nl","he"
"101_86_60_nl_he",8,10.6549498412,"treated",60,101,"nl","he"
"101_87_60_nl_he",8,7.057519627,"treated",60,101,"nl","he"
"101_88_60_nl_he",8,11.0859644856,"treated",60,101,"nl","he"
"101_89_60_nl_he",8,5.9919264346,"treated",60,101,"nl","he"
"101_90_60_nl_he",8,12.4204817772,"treated",60,101,"nl","he"
"101_91_60_nl_he",8,9.4288353762,"treated",60,101,"nl","he"
"101_92_60_nl_he",8,6.2585527399,"treated",60,101,"nl","he"
"101_93_60_nl_he",8,7.9285536044,"treated",60,101,"nl","he"
"101_94_60_nl_he",8,7.6215780809,"treated",60,101,"nl","he"
"101_95_60_nl_he",8,2.5538350953,"treated",60,101,"nl","he"
"101_96_60_nl_he",8,6.4466720012,"treated",60,101,"nl","he"
"101_97_60_nl_he",8,11.5787980088,"treated",60,101,"nl","he"
"101_98_60_nl_he",8,12.130954885,"treated",60,101,"nl","he"
"101_99_60_nl_he",8,5.905748294,"treated",60,101,"nl","he"
"101_100_60_nl_he",8,9.4197305264,"treated",60,101,"nl","he"
"101_101_60_nl_he",8,11.0334060836,"treated",60,101,"nl","he"
"101_51_60_nl_he",9,7.4172180795,"treated",60,101,"nl","he"
"101_52_60_nl_he",9,6.5077496152,"treated",60,101,"nl","he"
"101_53_60_nl_he",9,7.3023698409,"treated",60,101,"nl","he"
"101_54_60_nl_he",9,8.7776718715,"treated",60,101,"nl","he"
"101_55_60_nl_he",9,5.4542204457,"treated",60,101,"nl","he"
"101_56_60_nl_he",9,11.4734106904,"treated",60,101,"nl","he"
"101_57_60_nl_he",9,3.2360324197,"treated",60,101,"nl","he"
"101_58_60_nl_he",9,7.3797740501,"treated",60,101,"nl","he"
"101_59_60_nl_he",9,7.1176275201,"treated",60,101,"nl","he"
"101_60_60_nl_he",9,6.0003664485,"treated",60,101,"nl","he"
"101_61_60_nl_he",9,4.201097321,"treated",60,101,"nl","he"
"101_62_60_nl_he",9,10.3071016123,"treated",60,101,"nl","he"
"101_63_60_nl_he",9,8.7197077516,"treated",60,101,"nl","he"
"101_64_60_nl_he",9,6.2379796164,"treated",60,101,"nl","he"
"101_65_60_nl_he",9,2.2041442516,"treated",60,101,"nl","he"
"101_66_60_nl_he",9,3.3032258798,"treated",60,101,"nl","he"
"101_67_60_nl_he",9,2.5596260098,"treated",60,101,"nl","he"
"101_68_60_nl_he",9,4.091965791,"treated",60,101,"nl","he"
"101_69_60_nl_he",9,8.6701740493,"treated",60,101,"nl","he"
"101_70_60_nl_he",9,1.6254454703,"treated",60,101,"nl","he"
"101_71_60_nl_he",9,12.5640948128,"treated",60,101,"nl","he"
"101_72_60_nl_he",9,5.1622278767,"treated",60,101,"nl","he"
"101_73_60_nl_he",9,0.2525819801,"treated",60,101,"nl","he"
"101_74_60_nl_he",9,13.4489360728,"treated",60,101,"nl","he"
"101_75_60_nl_he",9,2.9369860172,"treated",60,101,"nl","he"
"101_76_60_nl_he",9,10.3554708833,"treated",60,101,"nl","he"
"101_77_60_nl_he",9,9.4518037484,"treated",60,101,"nl","he"
"101_78_60_nl_he",9,5.4868576067,"treated",60,101,"nl","he"
"101_79_60_nl_he",9,7.4450764584,"treated",60,101,"nl","he"
"101_80_60_nl_he",9,4.6375051084,"treated",60,101,"nl","he"
"101_81_60_nl_he",9,2.8112676597,"treated",60,101,"nl","he"
"101_82_60_nl_he",9,7.6792235033,"treated",60,101,"nl","he"
"101_83_60_nl_he",9,6.7292295904,"treated",60,101,"nl","he"
"101_84_60_nl_he",9,10.4070845638,"treated",60,101,"nl","he"
"101_85_60_nl_he",9,8.2810350119,"treated",60,101,"nl","he"
"101_86_60_nl_he",9,10.8625915309,"treated",60,101,"nl","he"
"101_87_60_nl_he",9,6.3548634533,"treated",60,101,"nl","he"
"101_88_60_nl_he",9,11.9985597479,"treated",60,101,"nl","he"
"101_89_60_nl_he",9,7.3694619906,"treated",60,101,"nl","he"
"101_90_60_nl_he",9,11.9812406987,"treated",60,101,"nl","he"
"101_91_60_nl_he",9,9.2786398451,"treated",60,101,"nl","he"
"101_92_60_nl_he",9,6.1656061639,"treated",60,101,"nl","he"
"101_93_60_nl_he",9,8.8259788552,"treated",60,101,"nl","he"
"101_94_60_nl_he",9,8.4240069058,"treated",60,101,"nl","he"
"101_95_60_nl_he",9,2.6388132749,"treated",60,101,"nl","he"
"101_96_60_nl_he",9,5.479756508,"treated",60,101,"nl","he"
"101_97_60_nl_he",9,10.7149893662,"treated",60,101,"nl","he"
"101_98_60_nl_he",9,12.6480155479,"treated",60,101,"nl","he"
"101_99_60_nl_he",9,5.5012062927,"treated",60,101,"nl","he"
"101_100_60_nl_he",9,9.0421321118,"treated",60,101,"nl","he"
"101_101_60_nl_he",9,10.5941744241,"treated",60,101,"nl","he"
"101_51_60_nl_he",10,9.1586080596,"treated",60,101,"nl","he"
"101_52_60_nl_he",10,6.6183805217,"treated",60,101,"nl","he"
"101_53_60_nl_he",10,6.294760722,"treated",60,101,"nl","he"
"101_54_60_nl_he",10,8.2520571385,"treated",60,101,"nl","he"
"101_55_60_nl_he",10,5.6792405567,"treated",60,101,"nl","he"
"101_56_60_nl_he",10,11.8930072635,"treated",60,101,"nl","he"
"101_57_60_nl_he",10,4.6869060314,"treated",60,101,"nl","he"
"101_58_60_nl_he",10,6.493611971,"treated",60,101,"nl","he"
"101_59_60_nl_he",10,5.7529832969,"treated",60,101,"nl","he"
"101_60_60_nl_he",10,5.6575175364,"treated",60,101,"nl","he"
"101_61_60_nl_he",10,4.7762757844,"treated",60,101,"nl","he"
"101_62_60_nl_he",10,9.340664165,"treated",60,101,"nl","he"
"101_63_60_nl_he",10,8.7881783918,"treated",60,101,"nl","he"
"101_64_60_nl_he",10,6.7905046971,"treated",60,101,"nl","he"
"101_65_60_nl_he",10,2.5657066801,"treated",60,101,"nl","he"
"101_66_60_nl_he",10,3.8538268862,"treated",60,101,"nl","he"
"101_67_60_nl_he",10,3.7153244032,"treated",60,101,"nl","he"
"101_68_60_nl_he",10,3.2998998501,"treated",60,101,"nl","he"
"101_69_60_nl_he",10,11.3940285674,"treated",60,101,"nl","he"
"101_70_60_nl_he",10,2.6376408109,"treated",60,101,"nl","he"
"101_71_60_nl_he",10,12.7477769515,"treated",60,101,"nl","he"
"101_72_60_nl_he",10,5.040236478,"treated",60,101,"nl","he"
"101_73_60_nl_he",10,0.5891537634,"treated",60,101,"nl","he"
"101_74_60_nl_he",10,13.7037051931,"treated",60,101,"nl","he"
"101_75_60_nl_he",10,2.0439247981,"treated",60,101,"nl","he"
"101_76_60_nl_he",10,11.2520665237,"treated",60,101,"nl","he"
"101_77_60_nl_he",10,9.6800402835,"treated",60,101,"nl","he"
"101_78_60_nl_he",10,5.9613510863,"treated",60,101,"nl","he"
"101_79_60_nl_he",10,7.0419169204,"treated",60,101,"nl","he"
"101_80_60_nl_he",10,5.7470737653,"treated",60,101,"nl","he"
"101_81_60_nl_he",10,2.9145932727,"treated",60,101,"nl","he"
"101_82_60_nl_he",10,7.3889189911,"treated",60,101,"nl","he"
"101_83_60_nl_he",10,6.1123465209,"treated",60,101,"nl","he"
"101_84_60_nl_he",10,10.2499907433,"treated",60,101,"nl","he"
"101_85_60_nl_he",10,8.7454529641,"treated",60,101,"nl","he"
"101_86_60_nl_he",10,10.6940253588,"treated",60,101,"nl","he"
"101_87_60_nl_he",10,4.6377338683,"treated",60,101,"nl","he"
"101_88_60_nl_he",10,10.9001566342,"treated",60,101,"nl","he"
"101_89_60_nl_he",10,7.2590646484,"treated",60,101,"nl","he"
"101_90_60_nl_he",10,11.9340828758,"treated",60,101,"nl","he"
"101_91_60_nl_he",10,7.4405223072,"treated",60,101,"nl","he"
"101_92_60_nl_he",10,5.7936841092,"treated",60,101,"nl","he"
"101_93_60_nl_he",10,9.1230604514,"treated",60,101,"nl","he"
"101_94_60_nl_he",10,8.2879363302,"treated",60,101,"nl","he"
"101_95_60_nl_he",10,4.9971014195,"treated",60,101,"nl","he"
"101_96_60_nl_he",10,6.6474089968,"treated",60,101,"nl","he"
"101_97_60_nl_he",10,9.1949189296,"treated",60,101,"nl","he"
"101_98_60_nl_he",10,12.3571693312,"treated",60,101,"nl","he"
"101_99_60_nl_he",10,5.921192121,"treated",60,101,"nl","he"
"101_100_60_nl_he",10,8.3726754675,"treated",60,101,"nl","he"
"101_101_60_nl_he",10,9.5856917889,"treated",60,101,"nl","he"
"101_51_60_nl_he",11,10.0424426135,"treated",60,101,"nl","he"
"101_52_60_nl_he",11,4.6796433504,"treated",60,101,"nl","he"
"101_53_60_nl_he",11,6.7287774482,"treated",60,101,"nl","he"
"101_54_60_nl_he",11,6.7745082319,"treated",60,101,"nl","he"
"101_55_60_nl_he",11,4.7102392474,"treated",60,101,"nl","he"
"101_56_60_nl_he",11,10.5879288571,"treated",60,101,"nl","he"
"101_57_60_nl_he",11,3.7858732317,"treated",60,101,"nl","he"
"101_58_60_nl_he",11,5.7007285068,"treated",60,101,"nl","he"
"101_59_60_nl_he",11,6.7156707267,"treated",60,101,"nl","he"
"101_60_60_nl_he",11,5.7424914022,"treated",60,101,"nl","he"
"101_61_60_nl_he",11,3.7170517316,"treated",60,101,"nl","he"
"101_62_60_nl_he",11,8.5524157073,"treated",60,101,"nl","he"
"101_63_60_nl_he",11,8.5563255555,"treated",60,101,"nl","he"
"101_64_60_nl_he",11,5.6781529571,"treated",60,101,"nl","he"
"101_65_60_nl_he",11,3.9669782952,"treated",60,101,"nl","he"
"101_66_60_nl_he",11,4.8274204646,"treated",60,101,"nl","he"
"101_67_60_nl_he",11,5.1069673921,"treated",60,101,"nl","he"
"101_68_60_nl_he",11,4.2514454801,"treated",60,101,"nl","he"
"101_69_60_nl_he",11,13.0964210855,"treated",60,101,"nl","he"
"101_70_60_nl_he",11,2.6976177149,"treated",60,101,"nl","he"
"101_71_60_nl_he",11,12.4800004319,"treated",60,101,"nl","he"
"101_72_60_nl_he",11,3.8639191011,"treated",60,101,"nl","he"
"101_73_60_nl_he",11,1.0540727448,"treated",60,101,"nl","he"
"101_74_60_nl_he",11,12.0350105566,"treated",60,101,"nl","he"
"101_75_60_nl_he",11,1.7838455858,"treated",60,101,"nl","he"
"101_76_60_nl_he",11,11.7388333966,"treated",60,101,"nl","he"
"101_77_60_nl_he",11,8.5049973049,"treated",60,101,"nl","he"
"101_78_60_nl_he",11,7.0603053359,"treated",60,101,"nl","he"
"101_79_60_nl_he",11,6.401962383,"treated",60,101,"nl","he"
"101_80_60_nl_he",11,5.3867485383,"treated",60,101,"nl","he"
"101_81_60_nl_he",11,2.5171000055,"treated",60,101,"nl","he"
"101_82_60_nl_he",11,6.6470409225,"treated",60,101,"nl","he"
"101_83_60_nl_he",11,5.9748260258,"treated",60,101,"nl","he"
"101_84_60_nl_he",11,9.4921434078,"treated",60,101,"nl","he"
"101_85_60_nl_he",11,8.8344455378,"treated",60,101,"nl","he"
"101_86_60_nl_he",11,10.2426761467,"treated",60,101,"nl","he"
"101_87_60_nl_he",11,4.2430907648,"treated",60,101,"nl","he"
"101_88_60_nl_he",11,9.1270029395,"treated",60,101,"nl","he"
"101_89_60_nl_he",11,6.6357037318,"treated",60,101,"nl","he"
"101_90_60_nl_he",11,9.482259493,"treated",60,101,"nl","he"
"101_91_60_nl_he",11,5.7126062857,"treated",60,101,"nl","he"
"101_92_60_nl_he",11,5.44785663,"treated",60,101,"nl","he"
"101_93_60_nl_he",11,9.4347408762,"treated",60,101,"nl","he"
"101_94_60_nl_he",11,8.435922738,"treated",60,101,"nl","he"
"101_95_60_nl_he",11,5.4184788706,"treated",60,101,"nl","he"
"101_96_60_nl_he",11,7.8444459492,"treated",60,101,"nl","he"
"101_97_60_nl_he",11,9.8623551165,"treated",60,101,"nl","he"
"101_98_60_nl_he",11,10.9537653404,"treated",60,101,"nl","he"
"101_99_60_nl_he",11,6.2481597473,"treated",60,101,"nl","he"
"101_100_60_nl_he",11,10.7717109219,"treated",60,101,"nl","he"
"101_101_60_nl_he",11,8.0595899311,"treated",60,101,"nl","he"
"101_51_60_nl_he",12,11.1278631797,"treated",60,101,"nl","he"
"101_52_60_nl_he",12,2.0408771676,"treated",60,101,"nl","he"
"101_53_60_nl_he",12,7.4148436621,"treated",60,101,"nl","he"
"101_54_60_nl_he",12,7.0143507681,"treated",60,101,"nl","he"
"101_55_60_nl_he",12,4.0340729895,"treated",60,101,"nl","he"
"101_56_60_nl_he",12,9.739105025,"treated",60,101,"nl","he"
"101_57_60_nl_he",12,2.7296196149,"treated",60,101,"nl","he"
"101_58_60_nl_he",12,4.9708111795,"treated",60,101,"nl","he"
"101_59_60_nl_he",12,6.987748398,"treated",60,101,"nl","he"
"101_60_60_nl_he",12,4.6912804468,"treated",60,101,"nl","he"
"101_61_60_nl_he",12,3.622210289,"treated",60,101,"nl","he"
"101_62_60_nl_he",12,9.5192596455,"treated",60,101,"nl","he"
"101_63_60_nl_he",12,8.2823781574,"treated",60,101,"nl","he"
"101_64_60_nl_he",12,5.2044570171,"treated",60,101,"nl","he"
"101_65_60_nl_he",12,5.3914678871,"treated",60,101,"nl","he"
"101_66_60_nl_he",12,5.2545777644,"treated",60,101,"nl","he"
"101_67_60_nl_he",12,7.0606954252,"treated",60,101,"nl","he"
"101_68_60_nl_he",12,3.4941193891,"treated",60,101,"nl","he"
"101_69_60_nl_he",12,14.4187495903,"treated",60,101,"nl","he"
"101_70_60_nl_he",12,2.7077707797,"treated",60,101,"nl","he"
"101_71_60_nl_he",12,13.5384856446,"treated",60,101,"nl","he"
"101_72_60_nl_he",12,3.3211684692,"treated",60,101,"nl","he"
"101_73_60_nl_he",12,2.3651928614,"treated",60,101,"nl","he"
"101_74_60_nl_he",12,12.7069967643,"treated",60,101,"nl","he"
"101_75_60_nl_he",12,1.5986036027,"treated",60,101,"nl","he"
"101_76_60_nl_he",12,10.4809896718,"treated",60,101,"nl","he"
"101_77_60_nl_he",12,9.2165749346,"treated",60,101,"nl","he"
"101_78_60_nl_he",12,7.1242050761,"treated",60,101,"nl","he"
"101_79_60_nl_he",12,5.5751241933,"treated",60,101,"nl","he"
"101_80_60_nl_he",12,6.4100488015,"treated",60,101,"nl","he"
"101_81_60_nl_he",12,1.030569542,"treated",60,101,"nl","he"
"101_82_60_nl_he",12,5.4338952369,"treated",60,101,"nl","he"
"101_83_60_nl_he",12,5.8544392506,"treated",60,101,"nl","he"
"101_84_60_nl_he",12,7.0245055603,"treated",60,101,"nl","he"
"101_85_60_nl_he",12,8.10569473,"treated",60,101,"nl","he"
"101_86_60_nl_he",12,9.7621074112,"treated",60,101,"nl","he"
"101_87_60_nl_he",12,4.09804174,"treated",60,101,"nl","he"
"101_88_60_nl_he",12,8.640751905,"treated",60,101,"nl","he"
"101_89_60_nl_he",12,4.9822800154,"treated",60,101,"nl","he"
"101_90_60_nl_he",12,8.7274343363,"treated",60,101,"nl","he"
"101_91_60_nl_he",12,5.3104117331,"treated",60,101,"nl","he"
"101_92_60_nl_he",12,4.0865549756,"treated",60,101,"nl","he"
"101_93_60_nl_he",12,9.5520088203,"treated",60,101,"nl","he"
"101_94_60_nl_he",12,9.1786460417,"treated",60,101,"nl","he"
"101_95_60_nl_he",12,5.3434333528,"treated",60,101,"nl","he"
"101_96_60_nl_he",12,9.8244823973,"treated",60,101,"nl","he"
"101_97_60_nl_he",12,9.6825291313,"treated",60,101,"nl","he"
"101_98_60_nl_he",12,9.9142801003,"treated",60,101,"nl","he"
"101_99_60_nl_he",12,8.2031016777,"treated",60,101,"nl","he"
"101_100_60_nl_he",12,11.3169518867,"treated",60,101,"nl","he"
"101_101_60_nl_he",12,6.3044785174,"treated",60,101,"nl","he"
